{
    "Ar36": {
        "error": 0.0008809024830566728, 
        "filter_outliers_dict": {
            "filter_outliers": true, 
            "iterations": 2, 
            "std_devs": 2
        }, 
        "fit": "Parabolic", 
        "value": 0.21204884974833077
    }, 
    "Ar37": {
        "error": 0.019402296485352542, 
        "filter_outliers_dict": {
            "filter_outliers": true, 
            "iterations": 2, 
            "std_devs": 2
        }, 
        "fit": "linear", 
        "value": 176.71830722514534
    }, 
    "Ar38": {
        "error": 0.012883726638111907, 
        "filter_outliers_dict": {
            "filter_outliers": true, 
            "iterations": 2, 
            "std_devs": 2
        }, 
        "fit": "linear", 
        "value": 0.9108206614267498
    }, 
    "Ar39": {
        "error": 0.024815120895502793, 
        "filter_outliers_dict": {
            "filter_outliers": true, 
            "iterations": 2, 
            "std_devs": 2
        }, 
        "fit": "Parabolic", 
        "value": 49.78254092241208
    }, 
    "Ar40": {
        "error": 0.021973272806763002, 
        "filter_outliers_dict": {
            "filter_outliers": true, 
            "iterations": 2, 
            "std_devs": 2
        }, 
        "fit": "Parabolic", 
        "value": 64.18313548384675
    }
}