{
    "Ar36": {
        "error": 0.0002534263588874415, 
        "filter_outliers_dict": {
            "filter_outliers": true, 
            "iterations": 2, 
            "std_devs": 2
        }, 
        "fit": "Parabolic", 
        "value": 0.008127666127695513
    }, 
    "Ar37": {
        "error": 0.011124555572085843, 
        "filter_outliers_dict": {
            "filter_outliers": true, 
            "iterations": 2, 
            "std_devs": 2
        }, 
        "fit": "linear", 
        "value": 0.021884783307999783
    }, 
    "Ar38": {
        "error": 0.013139529214476703, 
        "filter_outliers_dict": {
            "filter_outliers": true, 
            "iterations": 2, 
            "std_devs": 2
        }, 
        "fit": "linear", 
        "value": -0.10664348796128077
    }, 
    "Ar39": {
        "error": 0.021422716498039677, 
        "filter_outliers_dict": {
            "filter_outliers": true, 
            "iterations": 2, 
            "std_devs": 2
        }, 
        "fit": "Parabolic", 
        "value": 0.0982846461925154
    }, 
    "Ar40": {
        "error": 0.01937203751855981, 
        "filter_outliers_dict": {
            "filter_outliers": true, 
            "iterations": 2, 
            "std_devs": 2
        }, 
        "fit": "Parabolic", 
        "value": 1.9661742582874262
    }
}