{
    "Ar36": {
        "error": 0.0008015198694093274, 
        "filter_outliers_dict": {
            "filter_outliers": true, 
            "iterations": 2, 
            "std_devs": 2
        }, 
        "fit": "Parabolic", 
        "value": 0.16597280321378644
    }, 
    "Ar37": {
        "error": 0.014808323576273827, 
        "filter_outliers_dict": {
            "filter_outliers": true, 
            "iterations": 2, 
            "std_devs": 2
        }, 
        "fit": "linear", 
        "value": 81.6352203213201
    }, 
    "Ar38": {
        "error": 0.013854840065354828, 
        "filter_outliers_dict": {
            "filter_outliers": true, 
            "iterations": 2, 
            "std_devs": 2
        }, 
        "fit": "linear", 
        "value": 0.9715266831760977
    }, 
    "Ar39": {
        "error": 0.02588806429504754, 
        "filter_outliers_dict": {
            "filter_outliers": true, 
            "iterations": 2, 
            "std_devs": 2
        }, 
        "fit": "Parabolic", 
        "value": 41.46320310640124
    }, 
    "Ar40": {
        "error": 0.021864299826269955, 
        "filter_outliers_dict": {
            "filter_outliers": true, 
            "iterations": 2, 
            "std_devs": 2
        }, 
        "fit": "Parabolic", 
        "value": 62.52658304051579
    }
}